Wavelength [nm],Ed0: 380,Ed0: 395,Ed0: 412,Ed0: 443,Ed0: 465,Ed0: 490,Ed0: 510,Ed0: 532,Ed0: 555,Ed0: 560,Ed0: 565,Ed0: 589,Ed0: 625,Ed0: 665,Ed0: 670,Ed0: 683,Ed0: 694,Ed0: 710,Ed0: PAR
360,0,0,0,0,0,0,0,0,0,0,0,0,0,0,0,0,0,0,0
361,0,0,0,0,0,0,0,0,0,0,0,0,0,0,0,0,0,0,0
362,0.0000485097556831022,0,0,0,0,0,0,0,0,0,0,0,0,0,0,0,0,0,0
363,0.000127642503774293,0,0,0,0,0,0,0,0,0,0,0,0,0,0,0,0,0,0
364,0.000105642153137805,0,0,0,0,0,0,0,0,0,0,0,0,0,0,0,0,0,0
365,0.000168691485903781,0,0,0,0,0,0,0,0,0,0,0,0,0,0,0,0,0,0
366,0.000277117336422457,0,0,0,0,0,0,0,0,0,0,0,0,0,0,0,0,0,0
367,0.000374860106224025,0,0,0,0,0,0,0,0,0,0,0,0,0,0,0,0,0,0
368,0.000477568979908326,0,0,0,0,0,0,0,0,0,0,0,0,0,0,0,0,0,0
369,0.000568102535853483,0,0,0,0,0,0,0,0,0,0,0,0,0,0,0,0,0,0
370,0.000852622617567923,0,0,0,0,0,0,0,0,0,0,0,0,0,0,0,0,0,0
371,0.00289626299700258,0,0,0,0,0,0,0,0,0,0,0,0,0,0,0,0,0,0
372,0.0169773200455319,0,0,0,0,0,0,0,0,0,0,0,0,0,0,0,0,0,0.000491998750279832
373,0.0900319659904636,0,0,0,0,0,0,0,0,0,0,0,0,0,0,0,0,0,0.000384148364965929
374,0.318862895209888,0.0000235453335470027,0,0,0,0,0,0,0,0,0,0,0,0,0,0,0,0,0.000455451250564099
375,0.595677037231131,0.000120723678934345,0,0,0,0,0,0,0,0,0,0,0,0,0,0,0,0,0.000489390486655694
376,0.823777043761231,0.000114370245357807,0,0,0,0,0,0,0,0,0,0,0,0,0,0,0,0,0.000497153543876275
377,0.922895005303635,0.000146181855131222,0,0,0,0,0,0,0,0,0,0,0,0,0,0,0,0,0.000593441695671639
378,0.951385779093381,0.000108883205188817,0,0,0,0,0,0,0,0,0,0,0,0,0,0,0,0,0.000672367257792225
379,0.971819123632409,0.000206669179990237,0,0,0,0,0,0,0,0,0,0,0,0,0,0,0,0,0.00080172274680135
380,0.990930786013152,0.000255923787296211,0,0,0,0,0,0,0,0,0,0,0,0,0,0,0,0,0.000882662796385224
381,0.994726366676174,0.000326513307526043,0,0,0,0,0,0,0,0,0,0,0,0,0,0,0,0,0.000959035430577527
382,1,0.000461187845961212,0,0,0,0,0,0,0,0,0,0,0,0,0,0,0,0,0.00102495171171274
383,0.929843258334782,0.000666363224846637,0,0,0,0,0,0,0,0,0,0,0,0,0,0,0,0,0.0011894487617729
384,0.7538472604857,0.00104594326069446,0,0,0,0,0,0,0,0,0,0,0,0,0,0,0,0,0.00157628241555378
385,0.42086447288406,0.00281733437995716,0,0,0,0,0,0,0,0,0,0,0,0,0,0,0,0,0.00322357535407298
386,0.154017424821982,0.0103637069477206,0,0,0,0,0,0,0,0,0,0,0,0,0,0,0,0,0.00988977685825329
387,0.0306438561588625,0.0501497365727781,0,0,0,0,0,0,0,0,0,0,0,0,0,0,0,0,0.0361618065508402
388,0.00291045985797644,0.215318792525967,0,0,0,0,0,0,0,0,0,0,0,0,0,0,0,0,0.132951315982531
389,0.000506171787819512,0.465934707521082,0,0,0,0,0,0,0,0,0,0,0,0,0,0,0,0,0.2842843258751
390,0.000144493590279246,0.735722021186456,0,0,0,0,0,0,0,0,0,0,0,0,0,0,0,0,0.455398317559488
391,0.000029531555120201,0.924167904071418,0,0,0,0,0,0,0,0,0,0,0,0,0,0,0,0,0.599272594175435
392,0.0000330461097439853,0.96385072363837,0,0,0,0,0,0,0,0,0,0,0,0,0,0,0,0,0.652852186643872
393,0,0.979628543107937,0.0000260589223523334,0,0,0,0,0,0,0,0,0,0,0,0,0,0,0,0.694094922085855
394,0,0.990690283942641,0.0000389401128035501,0,0,0,0,0,0,0,0,0,0,0,0,0,0,0,0.723727534873105
395,0,1,0.0000913594868331815,0,0,0,0,0,0,0,0,0,0,0,0,0,0,0,0.741267945458587
396,0,0.995934750506134,0.000131446260569522,0,0,0,0,0,0,0,0,0,0,0,0,0,0,0,0.756404983942864
397,0,0.933780508943066,0.0000958585992571033,0,0,0,0,0,0,0,0,0,0,0,0,0,0,0,0.765284640522316
398,0,0.794425785453386,0.000278800977444963,0,0,0,0,0,0,0,0,0,0,0,0,0,0,0,0.779349117449255
399,0,0.501488509686762,0.000388298324507306,0,0,0,0,0,0,0,0,0,0,0,0,0,0,0,0.792586149040809
400,0,0.229197912923397,0.000760779793624674,0,0,0,0,0,0,0,0,0,0,0,0,0,0,0,0.801803997425093
401,0,0.0772429147354458,0.00158555434340984,0,0,0,0,0,0,0,0,0,0,0,0,0,0,0,0.803267550683629
402,0,0.0124285800161373,0.00662842067920298,0,0,0,0,0,0,0,0,0,0,0,0,0,0,0,0.81793852012355
403,0,0.00255490940290433,0.0315239405051882,0,0,0,0,0,0,0,0,0,0,0,0,0,0,0,0.832479808991526
404,0,0.000688006297779497,0.119282139741959,0,0,0,0,0,0,0,0,0,0,0,0,0,0,0,0.833984320287754
405,0,0.000213780164647038,0.356704174828794,0,0,0,0,0,0,0,0,0,0,0,0,0,0,0,0.851314448948255
406,0,0.0000903675290585691,0.626388018293691,0,0,0,0,0,0,0,0,0,0,0,0,0,0,0,0.861328783156153
407,0,0.0000386129945875348,0.841911899345103,0,0,0,0,0,0,0,0,0,0,0,0,0,0,0,0.872345135396777
408,0,0.0000116644986918655,0.949378335638737,0,0,0,0,0,0,0,0,0,0,0,0,0,0,0,0.877758061495947
409,0,0,0.98250960965063,0,0,0,0,0,0,0,0,0,0,0,0,0,0,0,0.889182737900773
410,0,0,0.995127018242244,0,0,0,0,0,0,0,0,0,0,0,0,0,0,0,0.893007495464416
411,0,0,1,0,0,0,0,0,0,0,0,0,0,0,0,0,0,0,0.898271348471941
412,0,0,0.991608324033918,0,0,0,0,0,0,0,0,0,0,0,0,0,0,0,0.902604517396003
413,0,0,0.95756009921232,0,0,0,0,0,0,0,0,0,0,0,0,0,0,0,0.901641204120668
414,0,0,0.875006518043885,0,0,0,0,0,0,0,0,0,0,0,0,0,0,0,0.902250824218587
415,0,0,0.734523554906107,0,0,0,0,0,0,0,0,0,0,0,0,0,0,0,0.906505196030586
416,0,0,0.463367094499989,0,0,0,0,0,0,0,0,0,0,0,0,0,0,0,0.896635508891374
417,0,0,0.208306190891929,0,0,0,0,0,0,0,0,0,0,0,0,0,0,0,0.901316477292568
418,0,0,0.0654952748497229,0.0000419658878519363,0,0,0,0,0,0,0,0,0,0,0,0,0,0,0.897445892799227
419,0,0,0.00944787959106961,0.0000801903993770489,0,0,0,0,0,0,0,0,0,0,0,0,0,0,0.900816291643412
420,0,0,0.00165281699969076,0.0000904392155937311,0,0,0,0,0,0,0,0,0,0,0,0,0,0,0.906959488271923
421,0,0,0.00057554668088942,0.0000982968035727269,0,0,0,0,0,0,0,0,0,0,0,0,0,0,0.905728036067237
422,0,0,0.000163357701109344,0.000171500392454409,0,0,0,0,0,0,0,0,0,0,0,0,0,0,0.910596328053075
423,0,0,0.0000533098299190536,0.000188360111608229,0,0,0,0,0,0,0,0,0,0,0,0,0,0,0.916306453739098
424,0,0,0,0.000225419532773054,0,0,0,0,0,0,0,0,0,0,0,0,0,0,0.922278390180317
425,0,0,0,0.000230276985838944,0,0,0,0,0,0,0,0,0,0,0,0,0,0,0.917271565751338
426,0,0,0,0.000212321473732654,0,0,0,0,0,0,0,0,0,0,0,0,0,0,0.921533111017121
427,0,0,0,0.000281203476236098,0,0,0,0,0,0,0,0,0,0,0,0,0,0,0.933023178808192
428,0,0,0,0.000233468773553707,0,0,0,0,0,0,0,0,0,0,0,0,0,0,0.927885830629959
429,0,0,0,0.000370682085051639,0,0,0,0,0,0,0,0,0,0,0,0,0,0,0.933667615671686
430,0,0,0,0.000478789544593614,0,0,0,0,0,0,0,0,0,0,0,0,0,0,0.94381826989601
431,0,0,0,0.00067719768084887,0,0,0,0,0,0,0,0,0,0,0,0,0,0,0.939348763149867
432,0,0,0,0.00125330948244644,0,0,0,0,0,0,0,0,0,0,0,0,0,0,0.933778414302468
433,0,0,0,0.00305367316513615,0,0,0,0,0,0,0,0,0,0,0,0,0,0,0.940994835098241
434,0,0,0,0.0119758202424531,0,0,0,0,0,0,0,0,0,0,0,0,0,0,0.944291799461385
435,0,0,0,0.0481387796766684,0,0,0,0,0,0,0,0,0,0,0,0,0,0,0.943719766207915
436,0,0,0,0.145684425873436,0,0,0,0,0,0,0,0,0,0,0,0,0,0,0.95071198911934
437,0,0,0,0.38496282969402,0,0,0,0,0,0,0,0,0,0,0,0,0,0,0.940521514187824
438,0,0,0,0.668707526578552,0,0,0,0,0,0,0,0,0,0,0,0,0,0,0.94390242979061
439,0,0,0,0.872540047550964,0,0,0,0,0,0,0,0,0,0,0,0,0,0,0.944043139269053
440,0,0,0,0.981332705291771,0,0,0,0,0,0,0,0,0,0,0,0,0,0,0.94948609378041
441,0,0,0,0.992965131722147,0,0,0,0,0,0,0,0,0,0,0,0,0,0,0.950218240629046
442,0,0,0,1,0,0,0,0,0,0,0,0,0,0,0,0,0,0,0.961142412569426
443,0,0,0,0.984506457227727,0,0,0,0,0,0,0,0,0,0,0,0,0,0,0.955680686101829
444,0,0,0,0.967047636439843,0,0,0,0,0,0,0,0,0,0,0,0,0,0,0.95821314788655
445,0,0,0,0.943547968300087,0,0,0,0,0,0,0,0,0,0,0,0,0,0,0.961397892375837
446,0,0,0,0.885148700002458,0,0,0,0,0,0,0,0,0,0,0,0,0,0,0.966529153804605
447,0,0,0,0.714529214836388,0,0,0,0,0,0,0,0,0,0,0,0,0,0,0.962259079680605
448,0,0,0,0.470733827210225,0.0000519914333043283,0,0,0,0,0,0,0,0,0,0,0,0,0,0.95004814415728
449,0,0,0,0.241723541561532,0.000123011964450743,0,0,0,0,0,0,0,0,0,0,0,0,0,0.955895715830913
450,0,0,0,0.0782094867919437,0.000235479227531721,0,0,0,0,0,0,0,0,0,0,0,0,0,0.967145979445622
451,0,0,0,0.0222576272913529,0.000365704656021606,0,0,0,0,0,0,0,0,0,0,0,0,0,0.958765180162011
452,0,0,0,0.00641859860803395,0.0003986551827288,0,0,0,0,0,0,0,0,0,0,0,0,0,0.962996348709505
453,0,0,0,0.00151186399461443,0.00064891229947377,0,0,0,0,0,0,0,0,0,0,0,0,0,0.959806636294828
454,0,0,0,0.000452533917538692,0.00116830933700645,0,0,0,0,0,0,0,0,0,0,0,0,0,0.945077234854272
455,0,0,0,0.000198730966576842,0.00246063592811694,0,0,0,0,0,0,0,0,0,0,0,0,0,0.955610701822522
456,0,0,0,0.0000734370178992246,0.00927417845347427,0,0,0,0,0,0,0,0,0,0,0,0,0,0.947090648197628
457,0,0,0,0,0.0379534562841438,0,0,0,0,0,0,0,0,0,0,0,0,0,0.954679235734054
458,0,0,0,0,0.1290931982562,0,0,0,0,0,0,0,0,0,0,0,0,0,0.95798693554761
459,0,0,0,0,0.381780165108294,0,0,0,0,0,0,0,0,0,0,0,0,0,0.954796973293123
460,0,0,0,0,0.701911429836815,0.0000357656662091466,0,0,0,0,0,0,0,0,0,0,0,0,0.954061146519741
461,0,0,0,0,0.920482580186782,0.0000547166888381451,0,0,0,0,0,0,0,0,0,0,0,0,0.947275118920594
462,0,0,0,0,1,0.0000640492811695594,0,0,0,0,0,0,0,0,0,0,0,0,0.948840863429724
463,0,0,0,0,0.992902118505753,0.0000747903193079319,0,0,0,0,0,0,0,0,0,0,0,0,0.960383489293064
464,0,0,0,0,0.970559516693434,0.0000962185535358038,0,0,0,0,0,0,0,0,0,0,0,0,0.964508182309729
465,0,0,0,0,0.922289126763955,0.000110814853110385,0,0,0,0,0,0,0,0,0,0,0,0,0.95322923798155
466,0,0,0,0,0.854075540622123,0.000158584322398348,0,0,0,0,0,0,0,0,0,0,0,0,0.946622190641086
467,0,0,0,0,0.796750951574466,0.000161084729801953,0,0,0,0,0,0,0,0,0,0,0,0,0.949676962477357
468,0,0,0,0,0.728372956770203,0.000218715914352982,0,0,0,0,0,0,0,0,0,0,0,0,0.957883979852985
469,0,0,0,0,0.570123217423113,0.000275330846925376,0,0,0,0,0,0,0,0,0,0,0,0,0.968164347763398
470,0,0,0,0,0.350576639606861,0.000303824298678657,0,0,0,0,0,0,0,0,0,0,0,0,0.985938462918999
471,0,0,0,0,0.14500816110392,0.000318280806225099,0,0,0,0,0,0,0,0,0,0,0,0,0.975495458435468
472,0,0,0,0,0.0235597197246466,0.000425969123238923,0,0,0,0,0,0,0,0,0,0,0,0,0.981230385592336
473,0,0,0,0,0.00305972014520048,0.000461322430671028,0,0,0,0,0,0,0,0,0,0,0,0,0.992938471762436
474,0,0,0,0,0.000819594729042386,0.00053668544319702,0,0,0,0,0,0,0,0,0,0,0,0,1
475,0,0,0,0,0.000230616303552702,0.000626923200893413,0,0,0,0,0,0,0,0,0,0,0,0,0.98175295821827
476,0,0,0,0,0.0000513307929799801,0.000818123163067518,0,0,0,0,0,0,0,0,0,0,0,0,0.985887079582758
477,0,0,0,0,0,0.00103984318394914,0,0,0,0,0,0,0,0,0,0,0,0,0.992444580887177
478,0,0,0,0,0,0.00142358481646053,0,0,0,0,0,0,0,0,0,0,0,0,0.989666067158981
479,0,0,0,0,0,0.00280759910735858,0,0,0,0,0,0,0,0,0,0,0,0,0.973925947965608
480,0,0,0,0,0,0.0100504909756051,0,0,0,0,0,0,0,0,0,0,0,0,0.975530946953539
481,0,0,0,0,0,0.0460510901097284,0,0,0,0,0,0,0,0,0,0,0,0,0.9825423591055
482,0,0,0,0,0,0.196173838689408,0,0,0,0,0,0,0,0,0,0,0,0,0.98094221857794
483,0,0,0,0,0,0.463572622231386,0,0,0,0,0,0,0,0,0,0,0,0,0.982828004060462
484,0,0,0,0,0,0.725379612552833,0,0,0,0,0,0,0,0,0,0,0,0,0.977807805170075
485,0,0,0,0,0,0.923291103458681,0,0,0,0,0,0,0,0,0,0,0,0,0.985585550630476
486,0,0,0,0,0,0.981002972078495,0,0,0,0,0,0,0,0,0,0,0,0,0.986376741585783
487,0,0,0,0,0,0.989293718565568,0,0,0,0,0,0,0,0,0,0,0,0,0.98396530079913
488,0,0,0,0,0,0.995588632539111,0.0000496651520029294,0,0,0,0,0,0,0,0,0,0,0,0.979959352392142
489,0,0,0,0,0,1,0.0000533188470957078,0,0,0,0,0,0,0,0,0,0,0,0.972630084461317
490,0,0,0,0,0,0.997754950557444,0.000081390783981846,0,0,0,0,0,0,0,0,0,0,0,0.966247033553872
491,0,0,0,0,0,0.987382297451074,0.000140206215030957,0,0,0,0,0,0,0,0,0,0,0,0.962701107985768
492,0,0,0,0,0,0.945854053256543,0.000147001829375553,0,0,0,0,0,0,0,0,0,0,0,0.97087400568316
493,0,0,0,0,0,0.763788946276584,0.000144825263166393,0,0,0,0,0,0,0,0,0,0,0,0.972585348443481
494,0,0,0,0,0,0.476010459979967,0.000187169995700906,0,0,0,0,0,0,0,0,0,0,0,0.96637663418132
495,0,0,0,0,0,0.200084151239768,0.000224179465062107,0,0,0,0,0,0,0,0,0,0,0,0.959543635581499
496,0,0,0,0,0,0.0291699896748451,0.000320669339819054,0,0,0,0,0,0,0,0,0,0,0,0.966076015470244
497,0,0,0,0,0,0.00206531691451285,0.000495676067705171,0.0000187240435865941,0,0,0,0,0,0,0,0,0,0,0.960388829250965
498,0,0,0,0,0,0.00028443438055282,0.000878407101755701,0.0000669060514897708,0,0,0,0,0,0,0,0,0,0,0.962671315698965
499,0,0,0,0,0,0.0000540854634600237,0.00181210764126955,0.0000973306757235713,0,0,0,0,0,0,0,0,0,0,0.954914344267898
500,0,0,0,0,0,0.0000538367966321429,0.00582028761308148,0.0000843670770656356,0,0,0,0,0,0,0,0,0,0,0.946278245593938
501,0,0,0,0,0,0.0000155352692360621,0.0208159691443357,0.000118141197915686,0,0,0,0,0,0,0,0,0,0,0.949266356906982
502,0,0,0,0,0,0.0000128056077635247,0.0661999917588231,0.000166290382745432,0,0,0,0,0,0,0,0,0,0,0.943751761558741
503,0,0,0,0,0,0,0.216596403755876,0.000181538270194783,0,0,0,0,0,0,0,0,0,0,0.936277723642635
504,0,0,0,0,0,0,0.456576214548265,0.000179638465437447,0,0,0,0,0,0,0,0,0,0,0.923248899714398
505,0,0,0,0,0,0,0.704559291929486,0.000178200978689985,0,0,0,0,0,0,0,0,0,0,0.916746710969706
506,0,0,0,0,0,0,0.909486343701694,0.000175023846736824,0,0,0,0,0,0,0,0,0,0,0.921708639529393
507,0,0,0,0,0,0,0.988867885237006,0.000177317011195345,0,0,0,0,0,0,0,0,0,0,0.920573738573077
508,0,0,0,0,0,0,0.996995584853241,0.000160853137731676,0,0,0,0,0,0,0,0,0,0,0.918115777202261
509,0,0,0,0,0,0,0.990492563342971,0.000165498651714481,0,0,0,0,0,0,0,0,0,0,0.903435164001133
510,0,0,0,0,0,0,1,0.000128437529929867,0,0,0,0,0,0,0,0,0,0,0.896654626959141
511,0,0,0,0,0,0,0.977847736787143,0.000168855998782342,0,0,0,0,0,0,0,0,0,0,0.87887715536514
512,0,0,0,0,0,0,0.913924015710643,0.000127406570081189,0,0,0,0,0,0,0,0,0,0,0.877244668606181
513,0,0,0,0,0,0,0.757157269094601,0.000158679688799784,0,0,0,0,0,0,0,0,0,0,0.876185407763954
514,0,0,0,0,0,0,0.453727989218212,0.000219324059333132,0,0,0,0,0,0,0,0,0,0,0.871475052789224
515,0,0,0,0,0,0,0.189208166655832,0.000264563320026866,0,0,0,0,0,0,0,0,0,0,0.847798267251503
516,0,0,0,0,0,0,0.0551932333029883,0.000341999054036473,0,0,0,0,0,0,0,0,0,0,0.842677081927099
517,0,0,0,0,0,0,0.0105562443797623,0.00044872078904922,0,0,0,0,0,0,0,0,0,0,0.837905319850931
518,0,0,0,0,0,0,0.00198214106701878,0.000619016856527694,0,0,0,0,0,0,0,0,0,0,0.836819310410312
519,0,0,0,0,0,0,0.000600855559978183,0.000868466767836459,0,0,0,0,0,0,0,0,0,0,0.851819025378713
520,0,0,0,0,0,0,0.000236823451840817,0.00120313863795347,0,0,0,0,0,0,0,0,0,0,0.853103597696961
521,0,0,0,0,0,0,0.000107036161713423,0.00204963147272362,0,0,0,0,0,0,0,0,0,0,0.844194169744264
522,0,0,0,0,0,0,0.0000885537897084416,0.00496077166149492,0,0,0,0,0,0,0,0,0,0,0.830717777938672
523,0,0,0,0,0,0,0.0000435358533391564,0.0153987002502626,0,0,0,0,0,0,0,0,0,0,0.830378450219259
524,0,0,0,0,0,0,0.0000359083006422146,0.0465891328644796,0,0,0,0,0,0,0,0,0,0,0.826328260559388
525,0,0,0,0,0,0,0.0000160752259058589,0.153658530674893,0,0,0,0,0,0,0,0,0,0,0.842502471101669
526,0,0,0,0,0,0,0.0000124336370293027,0.344936599495308,0,0,0,0,0,0,0,0,0,0,0.854087350027028
527,0,0,0,0,0,0,0.0000108231559032131,0.575996297399965,0,0,0,0,0,0,0,0,0,0,0.847035678425573
528,0,0,0,0,0,0,0,0.78289642684904,0,0.00000266613948497173,0,0,0,0,0,0,0,0,0.836841273803096
529,0,0,0,0,0,0,0,0.950161199208887,0,0.000007460983958613,0,0,0,0,0,0,0,0,0.840393220317053
530,0,0,0,0,0,0,0,0.997218411043088,0.0000177568910629508,0.0000221574582029738,0,0,0,0,0,0,0,0,0.844885593745495
531,0,0,0,0,0,0,0,1,0.000018669018699384,0.0000406373763100964,0,0,0,0,0,0,0,0,0.847290715429919
532,0,0,0,0,0,0,0,0.991293202099864,0.0000598260485975233,0.0000549088529752237,0,0,0,0,0,0,0,0,0.845856175791343
533,0,0,0,0,0,0,0,0.981474689071038,0.0000815568205276891,0.0000810908202151119,0,0,0,0,0,0,0,0,0.849539967040782
534,0,0,0,0,0,0,0,0.955496980493041,0.0000793463679231764,0.000123133508569166,0,0,0,0,0,0,0,0,0.854132578428061
535,0,0,0,0,0,0,0,0.884007308877947,0.000151015963247417,0.000110563277233206,0,0,0,0,0,0,0,0,0.853112067721243
536,0,0,0,0,0,0,0,0.738149197570194,0.000170446814777723,0.000217180801630984,0.00000529444052909287,0,0,0,0,0,0,0,0.85102912568707
537,0,0,0,0,0,0,0,0.492657466139577,0.000243012246004247,0.000273031301140358,0.0000175797741250739,0,0,0,0,0,0,0,0.852183271335963
538,0,0,0,0,0,0,0,0.258000607450213,0.000398899564985791,0.000301268445258271,0.0000841804078495098,0,0,0,0,0,0,0,0.848199919227442
539,0,0,0,0,0,0,0,0.102093713603096,0.000575163498864443,0.000312154187988254,0.0000816754378791504,0,0,0,0,0,0,0,0.851488234431069
540,0,0,0,0,0,0,0,0.0271337589876558,0.000841480267829941,0.000318397831548451,0.000110336695574263,0,0,0,0,0,0,0,0.84812332765508
541,0,0,0,0,0,0,0,0.00477242681909551,0.0012620306124134,0.000356492528751614,0.000144164398622859,0,0,0,0,0,0,0,0.847289823741595
542,0,0,0,0,0,0,0,0.00122398166680975,0.0018679825348634,0.000374642150806988,0.000144918117400562,0,0,0,0,0,0,0,0.851975612834639
543,0,0,0,0,0,0,0,0.000416361888660697,0.00294651185083061,0.000472580430285854,0.000218778921913763,0,0,0,0,0,0,0,0.847919910089397
544,0,0,0,0,0,0,0,0.000186493949824302,0.00554040774522941,0.000592985212347089,0.000209817268973699,0,0,0,0,0,0,0,0.853103484209925
545,0,0,0,0,0,0,0,0.0000715222831764677,0.0156391221488326,0.000819160064802269,0.00022360583908663,0,0,0,0,0,0,0,0.853912861364517
546,0,0,0,0,0,0,0,0.0000472485728519785,0.0450831141752599,0.00106740696022026,0.000274757657688769,0,0,0,0,0,0,0,0.859245411956504
547,0,0,0,0,0,0,0,0.0000725720643268727,0.11616258725375,0.00140273542412093,0.000305661435199614,0.0000106740704412561,0,0,0,0,0,0,0.860491282949923
548,0,0,0,0,0,0,0,0.00000988138818546741,0.257911673579366,0.0017231313047834,0.00037858074080087,0.0000182637080131674,0,0,0,0,0,0,0.860123106785553
549,0,0,0,0,0,0,0,0,0.524493401583079,0.00241070345763635,0.000448805779350885,0.0000394136259863804,0,0,0,0,0,0,0.863751353294289
550,0,0,0,0,0,0,0,0,0.765417640716683,0.00357738475679165,0.00057062365139914,0.0000357965777584756,0,0,0,0,0,0,0.866166229168062
551,0,0,0,0,0,0,0,0,0.917451323591232,0.00760761120268212,0.000772893973333997,0.0000381158353839005,0,0,0,0,0,0,0.866007085548325
552,0,0,0,0,0,0,0,0,0.972297680223588,0.0214178007076517,0.00095626507412862,0.0000752628682984401,0,0,0,0,0,0,0.865236104091319
553,0,0,0,0,0,0,0,0,0.997078344183277,0.0790128413403123,0.00137959500315838,0.00010576070656228,0,0,0,0,0,0,0.874043916956472
554,0,0,0,0,0,0,0,0,1,0.210757436884829,0.00198897691523997,0.0000839095773429542,0,0,0,0,0,0,0.872029026955591
555,0,0,0,0,0,0,0,0,0.998810889116475,0.436399452207379,0.0039031682179461,0.000120191512677033,0,0,0,0,0,0,0.874485540298918
556,0,0,0,0,0,0,0,0,0.988077341864139,0.68778664643975,0.0105158170485376,0.000141527355195784,0,0,0,0,0,0,0.884622938065446
557,0,0,0,0,0,0,0,0,0.908590770647524,0.897667984277429,0.03608370323472,0.000160538755630663,0,0,0,0,0,0,0.878520312371927
558,0,0,0,0,0,0,0,0,0.738658725713453,0.991477457646528,0.122210481200994,0.000176765832614276,0,0,0,0,0,0,0.883394941737201
559,0,0,0,0,0,0,0,0,0.504136055678432,1,0.29436623764026,0.000191371734502248,0,0,0,0,0,0,0.888153696781338
560,0,0,0,0,0,0,0,0,0.280259153889108,0.991445711391839,0.530751001638932,0.000187900846120741,0,0,0,0,0,0,0.891947848666208
561,0,0,0,0,0,0,0,0,0.106145110718571,0.957452911739741,0.785194929277133,0.000205877482669661,0,0,0,0,0,0,0.886364203510325
562,0,0,0,0,0,0,0,0,0.0260641785768309,0.886261024366526,0.958370271621043,0.000220302769200446,0,0,0,0,0,0,0.885349581794181
563,0,0,0,0,0,0,0,0,0.0074585714634304,0.757935135670935,1,0.000222687761399365,0,0,0,0,0,0,0.891410080896807
564,0,0,0,0,0,0,0,0,0.00273235529330964,0.553862428023134,0.990138063940617,0.000253607532373781,0,0,0,0,0,0,0.888582252200549
565,0,0,0,0,0,0,0,0,0.00114347610464814,0.316319803669088,0.983653564132337,0.000287124015605792,0,0,0,0,0,0,0.894116011323292
566,0,0,0,0,0,0,0,0,0.000486194756450985,0.099729949599729,0.962121553209371,0.000379505419041984,0,0,0,0,0,0,0.900025937338476
567,0,0,0,0,0,0,0,0,0.00020768835094116,0.0176469857213488,0.900390219262806,0.000489626759262388,0,0,0,0,0,0,0.893750301670383
568,0,0,0,0,0,0,0,0,0.000127727125193456,0.00252405776376901,0.793455891763717,0.000611758146433897,0,0,0,0,0,0,0.899994901917735
569,0,0,0,0,0,0,0,0,0.0000676981772504205,0.000538401080324402,0.615053978095513,0.000749669767403933,0,0,0,0,0,0,0.898442514083954
570,0,0,0,0,0,0,0,0,0.0000484933056046884,0.000147175039566177,0.359753223061473,0.000921745738879778,0,0,0,0,0,0,0.88980230121192
571,0,0,0,0,0,0,0,0,0.0000635490930743119,0.0000587467433257943,0.124923426724746,0.00114091039274454,0,0,0,0,0,0,0.899406472701206
572,0,0,0,0,0,0,0,0,0.0000168970569620976,0.0000151942231860625,0.0255674122882367,0.00134288479560211,0,0,0,0,0,0,0.901192067262408
573,0,0,0,0,0,0,0,0,0.0000297109300710392,0.0000153369254337188,0.00382571724030845,0.00161102482805521,0,0,0,0,0,0,0.902232972865517
574,0,0,0,0,0,0,0,0,0,0,0.000601789145141395,0.00186344476597027,0,0,0,0,0,0,0.907181096838678
575,0,0,0,0,0,0,0,0,0,0,0.000147926135508179,0.00237324067359209,0,0,0,0,0,0,0.90473398095398
576,0,0,0,0,0,0,0,0,0,0,0.000087806429838947,0.00325206874856584,0,0,0,0,0,0,0.899598718999061
577,0,0,0,0,0,0,0,0,0,0,0,0.00578593981238302,0,0,0,0,0,0,0.90868167099639
578,0,0,0,0,0,0,0,0,0,0,0,0.0123676475175386,0,0,0,0,0,0,0.903276342314608
579,0,0,0,0,0,0,0,0,0,0,0,0.030225964680274,0,0,0,0,0,0,0.895316158825373
580,0,0,0,0,0,0,0,0,0,0,0,0.0814956890768209,0,0,0,0,0,0,0.897283257658318
581,0,0,0,0,0,0,0,0,0,0,0,0.178071942013305,0,0,0,0,0,0,0.89314076085044
582,0,0,0,0,0,0,0,0,0,0,0,0.337643152236804,0,0,0,0,0,0,0.899982679534203
583,0,0,0,0,0,0,0,0,0,0,0,0.528684387059479,0,0,0,0,0,0,0.886009373152029
584,0,0,0,0,0,0,0,0,0,0,0,0.752427030568779,0,0,0,0,0,0,0.890021698472531
585,0,0,0,0,0,0,0,0,0,0,0,0.927350370441522,0,0,0,0,0,0,0.891776137184672
586,0,0,0,0,0,0,0,0,0,0,0,0.985637141823539,0,0,0,0,0,0,0.889053914042625
587,0,0,0,0,0,0,0,0,0,0,0,0.993003587378695,0,0,0,0,0,0,0.883713472082509
588,0,0,0,0,0,0,0,0,0,0,0,1,0,0,0,0,0,0,0.888452855744489
589,0,0,0,0,0,0,0,0,0,0,0,0.993373194167055,0,0,0,0,0,0,0.891117906011092
590,0,0,0,0,0,0,0,0,0,0,0,0.955448640786264,0.00000948587268566193,0,0,0,0,0,0.886368790102162
591,0,0,0,0,0,0,0,0,0,0,0,0.890823845044323,0.0000395934972988628,0,0,0,0,0,0.888788966892352
592,0,0,0,0,0,0,0,0,0,0,0,0.781412575144009,0.0000339102036394656,0,0,0,0,0,0.892752500765585
593,0,0,0,0,0,0,0,0,0,0,0,0.608832041525674,0.000070110634012826,0,0,0,0,0,0.886324875150294
594,0,0,0,0,0,0,0,0,0,0,0,0.392671115942636,0.0000927090300161737,0,0,0,0,0,0.894603798902534
595,0,0,0,0,0,0,0,0,0,0,0,0.176006692560767,0.00012264640281484,0,0,0,0,0,0.895184661859412
596,0,0,0,0,0,0,0,0,0,0,0,0.0585462879716098,0.000229963530367293,0,0,0,0,0,0.892106556493127
597,0,0,0,0,0,0,0,0,0,0,0,0.0159223156159724,0.000265541524652264,0,0,0,0,0,0.908383437687568
598,0,0,0,0,0,0,0,0,0,0,0,0.00416743314859325,0.000320460194382274,0,0,0,0,0,0.902411592646642
599,0,0,0,0,0,0,0,0,0,0,0,0.00117381691036194,0.000416340635458566,0,0,0,0,0,0.907636666996385
600,0,0,0,0,0,0,0,0,0,0,0,0.000364267851687915,0.000445871717666958,0,0,0,0,0,0.906154106883257
601,0,0,0,0,0,0,0,0,0,0,0,0.000151396918952066,0.000535789689155715,0,0,0,0,0,0.920479814273438
602,0,0,0,0,0,0,0,0,0,0,0,0.0000795856478107675,0.000506374117726271,0,0,0,0,0,0.917837919378623
603,0,0,0,0,0,0,0,0,0,0,0,0.0000752542729189667,0.00050604997776792,0,0,0,0,0,0.92299458048789
604,0,0,0,0,0,0,0,0,0,0,0,0.0000668970553654549,0.000439468273799559,0,0,0,0,0,0.917720729191111
605,0,0,0,0,0,0,0,0,0,0,0,0.0000121879286185,0.000403548814305977,0,0,0,0,0,0.926030816578699
606,0,0,0,0,0,0,0,0,0,0,0,0,0.000401622227750629,0,0,0,0,0,0.924290097234381
607,0,0,0,0,0,0,0,0,0,0,0,0,0.000473795521379609,0,0,0,0,0,0.919622559072946
608,0,0,0,0,0,0,0,0,0,0,0,0,0.000552482457990305,0,0,0,0,0,0.921145104859865
609,0,0,0,0,0,0,0,0,0,0,0,0,0.00072470105130363,0,0,0,0,0,0.924679989841967
610,0,0,0,0,0,0,0,0,0,0,0,0,0.00108288836444686,0,0,0,0,0,0.929241477861736
611,0,0,0,0,0,0,0,0,0,0,0,0,0.0014862683658134,0,0,0,0,0,0.923388433570669
612,0,0,0,0,0,0,0,0,0,0,0,0,0.00213753618503312,0,0,0,0,0,0.922311978566142
613,0,0,0,0,0,0,0,0,0,0,0,0,0.00326508562896997,0,0,0,0,0,0.923989747882299
614,0,0,0,0,0,0,0,0,0,0,0,0,0.0057771142808843,0,0,0,0,0,0.921195993575169
615,0,0,0,0,0,0,0,0,0,0,0,0,0.0138514844694878,0,0,0,0,0,0.917286795956966
616,0,0,0,0,0,0,0,0,0,0,0,0,0.04619148496936,0,0,0,0,0,0.916100020832487
617,0,0,0,0,0,0,0,0,0,0,0,0,0.126927336400639,0,0,0,0,0,0.923689130686676
618,0,0,0,0,0,0,0,0,0,0,0,0,0.286775826508064,0,0,0,0,0,0.922707654570587
619,0,0,0,0,0,0,0,0,0,0,0,0,0.495979023319514,0,0,0,0,0,0.906725899719078
620,0,0,0,0,0,0,0,0,0,0,0,0,0.734369573465199,0,0,0,0,0,0.911139729499912
621,0,0,0,0,0,0,0,0,0,0,0,0,0.902499458092756,0,0,0,0,0,0.905018129707962
622,0,0,0,0,0,0,0,0,0,0,0,0,0.970357685663628,0,0,0,0,0,0.906088042450217
623,0,0,0,0,0,0,0,0,0,0,0,0,0.984380900653613,0,0,0,0,0,0.909226853250658
624,0,0,0,0,0,0,0,0,0,0,0,0,0.989893518596879,0,0,0,0,0,0.904531839483328
625,0,0,0,0,0,0,0,0,0,0,0,0,1,0,0,0,0,0,0.904825894877658
626,0,0,0,0,0,0,0,0,0,0,0,0,0.992559637188741,0,0,0,0,0,0.903136812665313
627,0,0,0,0,0,0,0,0,0,0,0,0,0.933879871956985,0,0,0,0,0,0.901576472880986
628,0,0,0,0,0,0,0,0,0,0,0,0,0.755791578599365,0,0.0000493591001668286,0,0,0,0.891324067475675
629,0,0,0,0,0,0,0,0,0,0,0,0,0.526580615438689,0,0.0000690920109214507,0,0,0,0.8884899503866
630,0,0,0,0,0,0,0,0,0,0,0,0,0.308907832215585,0,0.0000734406439023189,0,0,0,0.891736564886311
631,0,0,0,0,0,0,0,0,0,0,0,0,0.155211798571536,0,0.000118192060473518,0,0,0,0.879889678727203
632,0,0,0,0,0,0,0,0,0,0,0,0,0.0692365954764584,0,0.0000965409674900769,0,0,0,0.881688234662846
633,0,0,0,0,0,0,0,0,0,0,0,0,0.027343420772348,0.0000270980291273812,0.000161835902681804,0,0,0,0.879459581916182
634,0,0,0,0,0,0,0,0,0,0,0,0,0.00862575599998102,0.000040724643631401,0.000255318898263019,0,0,0,0.871012440733558
635,0,0,0,0,0,0,0,0,0,0,0,0,0.0031362019493845,0.0000802999314619742,0.000349618286251415,0,0,0,0.868774789285407
636,0,0,0,0,0,0,0,0,0,0,0,0,0.00130645318587295,0.0000722865192321319,0.00047926102384874,0,0,0,0.869916058978755
637,0,0,0,0,0,0,0,0,0,0,0,0,0.00058434283977278,0.000134363607055845,0.000598721126534777,0,0,0,0.865895256369667
638,0,0,0,0,0,0,0,0,0,0,0,0,0.000355309598400728,0.000160568893938089,0.000729915152941611,0,0,0,0.857119297063247
639,0,0,0,0,0,0,0,0,0,0,0,0,0.000208513627873555,0.000161936381198121,0.000844288324202791,0,0,0,0.857866277210703
640,0,0,0,0,0,0,0,0,0,0,0,0,0.000160310772068314,0.000170536161803067,0.000871297270981219,0,0,0,0.850594138269906
641,0,0,0,0,0,0,0,0,0,0,0,0,0.0000934399087516363,0.000143482604939055,0.000853412343856588,0,0,0,0.849844604784565
642,0,0,0,0,0,0,0,0,0,0,0,0,0.0000645926524494681,0.00019658013511949,0.000826723683999937,0,0,0,0.846124790112337
643,0,0,0,0,0,0,0,0,0,0,0,0,0,0.000137455395849289,0.000741402907234026,0,0,0,0.838892224860915
644,0,0,0,0,0,0,0,0,0,0,0,0,0,0.000158095853108809,0.000637457622277031,0,0,0,0.837967933556745
645,0,0,0,0,0,0,0,0,0,0,0,0,0,0.000170934312071298,0.000567189012321651,0,0,0,0.832648501772044
646,0,0,0,0,0,0,0,0,0,0,0,0,0,0.000202459259925249,0.000464260118849513,0,0,0,0.824601854758866
647,0,0,0,0,0,0,0,0,0,0,0,0,0,0.000218697631059253,0.000412713463586099,0,0,0,0.826677572142048
648,0,0,0,0,0,0,0,0,0,0,0,0,0,0.000331626658207555,0.000364215346236169,0,0,0,0.820802445990298
649,0,0,0,0,0,0,0,0,0,0,0,0,0,0.000456970866834724,0.000313491497234615,0,0,0,0.817936732803279
650,0,0,0,0,0,0,0,0,0,0,0,0,0,0.000592630223448858,0.000329294494605651,0,0,0,0.816083398575669
651,0,0,0,0,0,0,0,0,0,0,0,0,0,0.000876479168800714,0.000450358798841233,0,0,0,0.815844593476174
652,0,0,0,0,0,0,0,0,0,0,0,0,0,0.00110465504356946,0.000465751723117026,0,0,0,0.819787229930944
653,0,0,0,0,0,0,0,0,0,0,0,0,0,0.00147823668142613,0.000596085339301093,0,0,0,0.815713053904118
654,0,0,0,0,0,0,0,0,0,0,0,0,0,0.00209343268078534,0.000663781481290045,0,0,0,0.808867188101955
655,0,0,0,0,0,0,0,0,0,0,0,0,0,0.00294326258969854,0.000870946023689841,0,0,0,0.811914354059813
656,0,0,0,0,0,0,0,0,0,0,0,0,0,0.00475914785043424,0.00105705195977406,0,0,0,0.808376996212799
657,0,0,0,0,0,0,0,0,0,0,0,0,0,0.010498690441584,0.00140815345367971,0,0,0,0.804868851523076
658,0,0,0,0,0,0,0,0,0,0,0,0,0,0.0313306377398693,0.00204217859131148,0.0000793589220320365,0,0,0.804425724671206
659,0,0,0,0,0,0,0,0,0,0,0,0,0,0.0928778611566932,0.00322289554028847,0.000129780252400288,0,0,0.799967687325876
660,0,0,0,0,0,0,0,0,0,0,0,0,0,0.235707952147148,0.00646182348195287,0.00016198563415856,0,0,0.805015094385508
661,0,0,0,0,0,0,0,0,0,0,0,0,0,0.473915823077897,0.0225859408281953,0.000160466164008014,0,0,0.799819198242736
662,0,0,0,0,0,0,0,0,0,0,0,0,0,0.756891911204575,0.0934688302010805,0.000201354976942462,0,0,0.79625612593781
663,0,0,0,0,0,0,0,0,0,0,0,0,0,0.928941432542361,0.249332958549839,0.000290769837888481,0,0,0.799430766447844
664,0,0,0,0,0,0,0,0,0,0,0,0,0,0.984257021704013,0.489924707135911,0.000313378217368809,0,0,0.796848865014071
665,0,0,0,0,0,0,0,0,0,0,0,0,0,1,0.745046085070642,0.000503675624070063,0,0,0.798113020487427
666,0,0,0,0,0,0,0,0,0,0,0,0,0,0.995321831189418,0.906038471733622,0.000584424588097626,0.0000698019823813686,0,0.793520961977633
667,0,0,0,0,0,0,0,0,0,0,0,0,0,0.988013019429418,0.967547035806931,0.000824462282143189,0.000177128363168948,0,0.797905387041789
668,0,0,0,0,0,0,0,0,0,0,0,0,0,0.946648676158367,0.97051906166886,0.00110647035599836,0.000161756309649778,0,0.791533845953015
669,0,0,0,0,0,0,0,0,0,0,0,0,0,0.87332922113704,0.980989688562948,0.00152310622455183,0.000187313960342856,0,0.793585263020681
670,0,0,0,0,0,0,0,0,0,0,0,0,0,0.711684663836124,1,0.00235704458217363,0.000205809448365205,0,0.802970280375883
671,0,0,0,0,0,0,0,0,0,0,0,0,0,0.4854271592167,0.985344859435764,0.00411361738984508,0.000214134365593739,0,0.799808707607694
672,0,0,0,0,0,0,0,0,0,0,0,0,0,0.250862204486327,0.919789235038486,0.0098170045790361,0.000224306953545183,0,0.791893100213993
673,0,0,0,0,0,0,0,0,0,0,0,0,0,0.0892177962616445,0.789764886259425,0.0290501859352594,0.000182288728100081,0,0.798728585448864
674,0,0,0,0,0,0,0,0,0,0,0,0,0,0.0207072574152395,0.566553197590486,0.0833815355584635,0.000183259824565437,0,0.803462195387878
675,0,0,0,0,0,0,0,0,0,0,0,0,0,0.0044927917579679,0.311789935102492,0.193731269338552,0.000268652918513539,0,0.790194048177183
676,0,0,0,0,0,0,0,0,0,0,0,0,0,0.00117188664146702,0.110504991229931,0.38063239961811,0.000288297610025902,0,0.791037711661662
677,0,0,0,0,0,0,0,0,0,0,0,0,0,0.000369960156192313,0.0188485709885331,0.608201597752103,0.00046570924972664,0,0.786687781953676
678,0,0,0,0,0,0,0,0,0,0,0,0,0,0.00017630711633099,0.0018897470249087,0.802277152346276,0.00062819003549685,0,0.782083090984411
679,0,0,0,0,0,0,0,0,0,0,0,0,0,0.000125751395264575,0.000278713984213363,0.907197244051925,0.00102863637787565,0,0.775453338296446
680,0,0,0,0,0,0,0,0,0,0,0,0,0,0.0000576365158026103,0.00010196494636174,0.947789613964072,0.00128988713765832,0.000050163661146641,0.773595748208355
681,0,0,0,0,0,0,0,0,0,0,0,0,0,0.0000306842062226178,0.0000779503803806665,0.959827569961467,0.00161496555194236,0.000118265102295876,0.767993178123332
682,0,0,0,0,0,0,0,0,0,0,0,0,0,0,0.0000338400477479946,0.977168127081844,0.0022157927123738,0.000173858033122092,0.765992136624192
683,0,0,0,0,0,0,0,0,0,0,0,0,0,0,0,1,0.00303864380661677,0.000288988073036816,0.771223656284132
684,0,0,0,0,0,0,0,0,0,0,0,0,0,0,0,0.978995532887108,0.00480127459392856,0.000261697672877392,0.765701807215441
685,0,0,0,0,0,0,0,0,0,0,0,0,0,0,0,0.893622722415483,0.0103946777223663,0.000242065184136845,0.76046689857064
686,0,0,0,0,0,0,0,0,0,0,0,0,0,0,0,0.713539564076963,0.0354412915686109,0.000212968191458629,0.757366508440184
687,0,0,0,0,0,0,0,0,0,0,0,0,0,0,0,0.455839224981112,0.114319224846087,0.000265941101775789,0.74641984031886
688,0,0,0,0,0,0,0,0,0,0,0,0,0,0,0,0.213414920682328,0.288644042990769,0.000201453177867446,0.74707853066703
689,0,0,0,0,0,0,0,0,0,0,0,0,0,0,0,0.0630798331268962,0.530772172512953,0.000211046273439439,0.745858635859246
690,0,0,0,0,0,0,0,0,0,0,0,0,0,0,0,0.00956261403500466,0.786987460981723,0.000205244527111385,0.749649433118441
691,0,0,0,0,0,0,0,0,0,0,0,0,0,0,0,0.00196679777468507,0.911726972027985,0.000160504230875047,0.748373388966569
692,0,0,0,0,0,0,0,0,0,0,0,0,0,0,0,0.000572554442599925,0.954014129263341,0.000281074153906711,0.743361637985329
693,0,0,0,0,0,0,0,0,0,0,0,0,0,0,0,0.000218876472971895,0.988474059616511,0.000293450525756457,0.743146108665608
694,0,0,0,0,0,0,0,0,0,0,0,0,0,0,0,0.00018563692022682,1,0.000424323298059178,0.738661535942482
695,0,0,0,0,0,0,0,0,0,0,0,0,0,0,0,0.00009069161856,0.983345231747335,0.000774424381401147,0.729127636077534
696,0,0,0,0,0,0,0,0,0,0,0,0,0,0,0,0.0000552003059834245,0.938345028446873,0.0010125375967045,0.730894437740279
697,0,0,0,0,0,0,0,0,0,0,0,0,0,0,0,0,0.79995069838755,0.00158002439124691,0.722926453720136
698,0,0,0,0,0,0,0,0,0,0,0,0,0,0,0,0,0.567414936652081,0.00234755211387663,0.721540358456959
699,0,0,0,0,0,0,0,0,0,0,0,0,0,0,0,0,0.301338655704335,0.00323740406756454,0.717069080432628
700,0,0,0,0,0,0,0,0,0,0,0,0,0,0,0,0,0.0988210206816654,0.00442205018298121,0.710658815176397
701,0,0,0,0,0,0,0,0,0,0,0,0,0,0,0,0,0.0183827107286008,0.00591997315309151,0.701957374263587
702,0,0,0,0,0,0,0,0,0,0,0,0,0,0,0,0,0.00257633417117228,0.00925022735086497,0.69891446470495
703,0,0,0,0,0,0,0,0,0,0,0,0,0,0,0,0,0.000592040776286607,0.0198175260720574,0.679729290895314
704,0,0,0,0,0,0,0,0,0,0,0,0,0,0,0,0,0.00020660635822788,0.0617694369697269,0.676038987157239
705,0,0,0,0,0,0,0,0,0,0,0,0,0,0,0,0,0.000149886953856638,0.177136191256282,0.659159635500642
706,0,0,0,0,0,0,0,0,0,0,0,0,0,0,0,0,0.000103088942827038,0.401067045396244,0.6377794146573
707,0,0,0,0,0,0,0,0,0,0,0,0,0,0,0,0,0.0000560144484944029,0.669549369365149,0.596130200732661
708,0,0,0,0,0,0,0,0,0,0,0,0,0,0,0,0,0,0.882143025018113,0.537906682648539
709,0,0,0,0,0,0,0,0,0,0,0,0,0,0,0,0,0,0.988353780102491,0.477662805675973
710,0,0,0,0,0,0,0,0,0,0,0,0,0,0,0,0,0,1,0.402254067512336
711,0,0,0,0,0,0,0,0,0,0,0,0,0,0,0,0,0,0.996402205156242,0.331780285259226
712,0,0,0,0,0,0,0,0,0,0,0,0,0,0,0,0,0,0.981418090361727,0.265025660328343
713,0,0,0,0,0,0,0,0,0,0,0,0,0,0,0,0,0,0.983109477036303,0.206384951841201
714,0,0,0,0,0,0,0,0,0,0,0,0,0,0,0,0,0,0.975291498307606,0.152658624823867
715,0,0,0,0,0,0,0,0,0,0,0,0,0,0,0,0,0,0.932102721472113,0.106398343249048
716,0,0,0,0,0,0,0,0,0,0,0,0,0,0,0,0,0,0.787150707469346,0.0674668862439822
717,0,0,0,0,0,0,0,0,0,0,0,0,0,0,0,0,0,0.542112083644951,0.0442729035098559
718,0,0,0,0,0,0,0,0,0,0,0,0,0,0,0,0,0,0.266337614617009,0.0298262989011137
719,0,0,0,0,0,0,0,0,0,0,0,0,0,0,0,0,0,0.0705937088640542,0.0209186364982903
720,0,0,0,0,0,0,0,0,0,0,0,0,0,0,0,0,0,0.00943402255194813,0.0155903375497086
721,0,0,0,0,0,0,0,0,0,0,0,0,0,0,0,0,0,0.00113519303571595,0.0122590456072568
722,0,0,0,0,0,0,0,0,0,0,0,0,0,0,0,0,0,0.000320784956758843,0.00993754295631261
723,0,0,0,0,0,0,0,0,0,0,0,0,0,0,0,0,0,0,0.00834702663608085
724,0,0,0,0,0,0,0,0,0,0,0,0,0,0,0,0,0,0,0.00691760182310304
725,0,0,0,0,0,0,0,0,0,0,0,0,0,0,0,0,0,0,0.00618833953593975
726,0,0,0,0,0,0,0,0,0,0,0,0,0,0,0,0,0,0,0.00524661804019459
727,0,0,0,0,0,0,0,0,0,0,0,0,0,0,0,0,0,0,0.00442661182733461
728,0,0,0,0,0,0,0,0,0,0,0,0,0,0,0,0,0,0,0.00385161734670998
729,0,0,0,0,0,0,0,0,0,0,0,0,0,0,0,0,0,0,0.00311202647567987
730,0,0,0,0,0,0,0,0,0,0,0,0,0,0,0,0,0,0,0.00273584912726409
731,0,0,0,0,0,0,0,0,0,0,0,0,0,0,0,0,0,0,0.00236803305034125
732,0,0,0,0,0,0,0,0,0,0,0,0,0,0,0,0,0,0,0.00211607736521252
733,0,0,0,0,0,0,0,0,0,0,0,0,0,0,0,0,0,0,0.00191348924052216
734,0,0,0,0,0,0,0,0,0,0,0,0,0,0,0,0,0,0,0.00173327424310801
735,0,0,0,0,0,0,0,0,0,0,0,0,0,0,0,0,0,0,0.00153946948209921
736,0,0,0,0,0,0,0,0,0,0,0,0,0,0,0,0,0,0,0.00158311600595109
737,0,0,0,0,0,0,0,0,0,0,0,0,0,0,0,0,0,0,0.00158864453232457
738,0,0,0,0,0,0,0,0,0,0,0,0,0,0,0,0,0,0,0.00140050974952414
739,0,0,0,0,0,0,0,0,0,0,0,0,0,0,0,0,0,0,0.0014744255705492
740,0,0,0,0,0,0,0,0,0,0,0,0,0,0,0,0,0,0,0.001302262935611
741,0,0,0,0,0,0,0,0,0,0,0,0,0,0,0,0,0,0,0.00127371348531363
742,0,0,0,0,0,0,0,0,0,0,0,0,0,0,0,0,0,0,0.00117381641445468
743,0,0,0,0,0,0,0,0,0,0,0,0,0,0,0,0,0,0,0.00099425180359458
744,0,0,0,0,0,0,0,0,0,0,0,0,0,0,0,0,0,0,0.0010213175162331
745,0,0,0,0,0,0,0,0,0,0,0,0,0,0,0,0,0,0,0.000904329996427336
746,0,0,0,0,0,0,0,0,0,0,0,0,0,0,0,0,0,0,0.000697565800428029
747,0,0,0,0,0,0,0,0,0,0,0,0,0,0,0,0,0,0,0.000746026548051999
748,0,0,0,0,0,0,0,0,0,0,0,0,0,0,0,0,0,0,0.000857197084323147
749,0,0,0,0,0,0,0,0,0,0,0,0,0,0,0,0,0,0,0.000692274554757646
750,0,0,0,0,0,0,0,0,0,0,0,0,0,0,0,0,0,0,0.000711807440543804
751,0,0,0,0,0,0,0,0,0,0,0,0,0,0,0,0,0,0,0.000480681284987947
752,0,0,0,0,0,0,0,0,0,0,0,0,0,0,0,0,0,0,0.000677041564501458
753,0,0,0,0,0,0,0,0,0,0,0,0,0,0,0,0,0,0,0.000552233020597716
754,0,0,0,0,0,0,0,0,0,0,0,0,0,0,0,0,0,0,0.000533088741833751
755,0,0,0,0,0,0,0,0,0,0,0,0,0,0,0,0,0,0,0.000623821446013746
756,0,0,0,0,0,0,0,0,0,0,0,0,0,0,0,0,0,0,0.000438370462841355
757,0,0,0,0,0,0,0,0,0,0,0,0,0,0,0,0,0,0,0.000547663255638456
758,0,0,0,0,0,0,0,0,0,0,0,0,0,0,0,0,0,0,0.000573252722488778
759,0,0,0,0,0,0,0,0,0,0,0,0,0,0,0,0,0,0,0.000594139266498135
760,0,0,0,0,0,0,0,0,0,0,0,0,0,0,0,0,0,0,0.000497605980435453
761,0,0,0,0,0,0,0,0,0,0,0,0,0,0,0,0,0,0,0.000414734684277308
762,0,0,0,0,0,0,0,0,0,0,0,0,0,0,0,0,0,0,0.000271296476637636
763,0,0,0,0,0,0,0,0,0,0,0,0,0,0,0,0,0,0,0.000341407470738529
764,0,0,0,0,0,0,0,0,0,0,0,0,0,0,0,0,0,0,0.000387976346607475
765,0,0,0,0,0,0,0,0,0,0,0,0,0,0,0,0,0,0,0.000351396916492084
766,0,0,0,0,0,0,0,0,0,0,0,0,0,0,0,0,0,0,0.000442166569417266
767,0,0,0,0,0,0,0,0,0,0,0,0,0,0,0,0,0,0,0.000422261940247809
768,0,0,0,0,0,0,0,0,0,0,0,0,0,0,0,0,0,0,0.000237772810400257
769,0,0,0,0,0,0,0,0,0,0,0,0,0,0,0,0,0,0,0.000262561895532993
770,0,0,0,0,0,0,0,0,0,0,0,0,0,0,0,0,0,0,0.000262465384441113
771,0,0,0,0,0,0,0,0,0,0,0,0,0,0,0,0,0,0,0.00020664374633248
772,0,0,0,0,0,0,0,0,0,0,0,0,0,0,0,0,0,0,0.000219647570270072
773,0,0,0,0,0,0,0,0,0,0,0,0,0,0,0,0,0,0,0.000212451496687662
774,0,0,0,0,0,0,0,0,0,0,0,0,0,0,0,0,0,0,0
775,0,0,0,0,0,0,0,0,0,0,0,0,0,0,0,0,0,0,0
776,0,0,0,0,0,0,0,0,0,0,0,0,0,0,0,0,0,0,0
777,0,0,0,0,0,0,0,0,0,0,0,0,0,0,0,0,0,0,0
778,0,0,0,0,0,0,0,0,0,0,0,0,0,0,0,0,0,0,0
779,0,0,0,0,0,0,0,0,0,0,0,0,0,0,0,0,0,0,0
780,0,0,0,0,0,0,0,0,0,0,0,0,0,0,0,0,0,0,0
781,0,0,0,0,0,0,0,0,0,0,0,0,0,0,0,0,0,0,0
782,0,0,0,0,0,0,0,0,0,0,0,0,0,0,0,0,0,0,0
783,0,0,0,0,0,0,0,0,0,0,0,0,0,0,0,0,0,0,0
784,0,0,0,0,0,0,0,0,0,0,0,0,0,0,0,0,0,0,0
785,0,0,0,0,0,0,0,0,0,0,0,0,0,0,0,0,0,0,0
786,0,0,0,0,0,0,0,0,0,0,0,0,0,0,0,0,0,0,0
787,0,0,0,0,0,0,0,0,0,0,0,0,0,0,0,0,0,0,0
788,0,0,0,0,0,0,0,0,0,0,0,0,0,0,0,0,0,0,0
789,0,0,0,0,0,0,0,0,0,0,0,0,0,0,0,0,0,0,0
790,0,0,0,0,0,0,0,0,0,0,0,0,0,0,0,0,0,0,0
791,0,0,0,0,0,0,0,0,0,0,0,0,0,0,0,0,0,0,0
792,0,0,0,0,0,0,0,0,0,0,0,0,0,0,0,0,0,0,0
793,0,0,0,0,0,0,0,0,0,0,0,0,0,0,0,0,0,0,0
794,0,0,0,0,0,0,0,0,0,0,0,0,0,0,0,0,0,0,0
795,0,0,0,0,0,0,0,0,0,0,0,0,0,0,0,0,0,0,0
796,0,0,0,0,0,0,0,0,0,0,0,0,0,0,0,0,0,0,0
797,0,0,0,0,0,0,0,0,0,0,0,0,0,0,0,0,0,0,0
798,0,0,0,0,0,0,0,0,0,0,0,0,0,0,0,0,0,0,0
799,0,0,0,0,0,0,0,0,0,0,0,0,0,0,0,0,0,0,0
800,0,0,0,0,0,0,0,0,0,0,0,0,0,0,0,0,0,0,0
801,0,0,0,0,0,0,0,0,0,0,0,0,0,0,0,0,0,0,0
802,0,0,0,0,0,0,0,0,0,0,0,0,0,0,0,0,0,0,0
803,0,0,0,0,0,0,0,0,0,0,0,0,0,0,0,0,0,0,0
804,0,0,0,0,0,0,0,0,0,0,0,0,0,0,0,0,0,0,0
805,0,0,0,0,0,0,0,0,0,0,0,0,0,0,0,0,0,0,0
806,0,0,0,0,0,0,0,0,0,0,0,0,0,0,0,0,0,0,0
807,0,0,0,0,0,0,0,0,0,0,0,0,0,0,0,0,0,0,0
808,0,0,0,0,0,0,0,0,0,0,0,0,0,0,0,0,0,0,0
809,0,0,0,0,0,0,0,0,0,0,0,0,0,0,0,0,0,0,0
810,0,0,0,0,0,0,0,0,0,0,0,0,0,0,0,0,0,0,0
811,0,0,0,0,0,0,0,0,0,0,0,0,0,0,0,0,0,0,0
812,0,0,0,0,0,0,0,0,0,0,0,0,0,0,0,0,0,0,0
813,0,0,0,0,0,0,0,0,0,0,0,0,0,0,0,0,0,0,0
814,0,0,0,0,0,0,0,0,0,0,0,0,0,0,0,0,0,0,0
815,0,0,0,0,0,0,0,0,0,0,0,0,0,0,0,0,0,0,0
816,0,0,0,0,0,0,0,0,0,0,0,0,0,0,0,0,0,0,0
817,0,0,0,0,0,0,0,0,0,0,0,0,0,0,0,0,0,0,0
818,0,0,0,0,0,0,0,0,0,0,0,0,0,0,0,0,0,0,0
819,0,0,0,0,0,0,0,0,0,0,0,0,0,0,0,0,0,0,0
820,0,0,0,0,0,0,0,0,0,0,0,0,0,0,0,0,0,0,0
821,0,0,0,0,0,0,0,0,0,0,0,0,0,0,0,0,0,0,0
822,0,0,0,0,0,0,0,0,0,0,0,0,0,0,0,0,0,0,0
823,0,0,0,0,0,0,0,0,0,0,0,0,0,0,0,0,0,0,0
824,0,0,0,0,0,0,0,0,0,0,0,0,0,0,0,0,0,0,0
825,0,0,0,0,0,0,0,0,0,0,0,0,0,0,0,0,0,0,0
826,0,0,0,0,0,0,0,0,0,0,0,0,0,0,0,0,0,0,0
827,0,0,0,0,0,0,0,0,0,0,0,0,0,0,0,0,0,0,0
828,0,0,0,0,0,0,0,0,0,0,0,0,0,0,0,0,0,0,0
829,0,0,0,0,0,0,0,0,0,0,0,0,0,0,0,0,0,0,0
830,0,0,0,0,0,0,0,0,0,0,0,0,0,0,0,0,0,0,0
831,0,0,0,0,0,0,0,0,0,0,0,0,0,0,0,0,0,0,0
832,0,0,0,0,0,0,0,0,0,0,0,0,0,0,0,0,0,0,0
833,0,0,0,0,0,0,0,0,0,0,0,0,0,0,0,0,0,0,0
834,0,0,0,0,0,0,0,0,0,0,0,0,0,0,0,0,0,0,0
835,0,0,0,0,0,0,0,0,0,0,0,0,0,0,0,0,0,0,0
836,0,0,0,0,0,0,0,0,0,0,0,0,0,0,0,0,0,0,0
837,0,0,0,0,0,0,0,0,0,0,0,0,0,0,0,0,0,0,0
838,0,0,0,0,0,0,0,0,0,0,0,0,0,0,0,0,0,0,0
839,0,0,0,0,0,0,0,0,0,0,0,0,0,0,0,0,0,0,0
840,0,0,0,0,0,0,0,0,0,0,0,0,0,0,0,0,0,0,0
841,0,0,0,0,0,0,0,0,0,0,0,0,0,0,0,0,0,0,0
842,0,0,0,0,0,0,0,0,0,0,0,0,0,0,0,0,0,0,0
843,0,0,0,0,0,0,0,0,0,0,0,0,0,0,0,0,0,0,0
844,0,0,0,0,0,0,0,0,0,0,0,0,0,0,0,0,0,0,0
845,0,0,0,0,0,0,0,0,0,0,0,0,0,0,0,0,0,0,0
846,0,0,0,0,0,0,0,0,0,0,0,0,0,0,0,0,0,0,0
847,0,0,0,0,0,0,0,0,0,0,0,0,0,0,0,0,0,0,0
848,0,0,0,0,0,0,0,0,0,0,0,0,0,0,0,0,0,0,0
849,0,0,0,0,0,0,0,0,0,0,0,0,0,0,0,0,0,0,0
850,0,0,0,0,0,0,0,0,0,0,0,0,0,0,0,0,0,0,0
851,0,0,0,0,0,0,0,0,0,0,0,0,0,0,0,0,0,0,0
852,0,0,0,0,0,0,0,0,0,0,0,0,0,0,0,0,0,0,0
853,0,0,0,0,0,0,0,0,0,0,0,0,0,0,0,0,0,0,0
854,0,0,0,0,0,0,0,0,0,0,0,0,0,0,0,0,0,0,0
855,0,0,0,0,0,0,0,0,0,0,0,0,0,0,0,0,0,0,0
856,0,0,0,0,0,0,0,0,0,0,0,0,0,0,0,0,0,0,0
857,0,0,0,0,0,0,0,0,0,0,0,0,0,0,0,0,0,0,0
858,0,0,0,0,0,0,0,0,0,0,0,0,0,0,0,0,0,0,0
859,0,0,0,0,0,0,0,0,0,0,0,0,0,0,0,0,0,0,0
860,0,0,0,0,0,0,0,0,0,0,0,0,0,0,0,0,0,0,0
861,0,0,0,0,0,0,0,0,0,0,0,0,0,0,0,0,0,0,0
862,0,0,0,0,0,0,0,0,0,0,0,0,0,0,0,0,0,0,0
863,0,0,0,0,0,0,0,0,0,0,0,0,0,0,0,0,0,0,0
864,0,0,0,0,0,0,0,0,0,0,0,0,0,0,0,0,0,0,0
865,0,0,0,0,0,0,0,0,0,0,0,0,0,0,0,0,0,0,0
866,0,0,0,0,0,0,0,0,0,0,0,0,0,0,0,0,0,0,0
867,0,0,0,0,0,0,0,0,0,0,0,0,0,0,0,0,0,0,0
868,0,0,0,0,0,0,0,0,0,0,0,0,0,0,0,0,0,0,0
869,0,0,0,0,0,0,0,0,0,0,0,0,0,0,0,0,0,0,0
870,0,0,0,0,0,0,0,0,0,0,0,0,0,0,0,0,0,0,0
871,0,0,0,0,0,0,0,0,0,0,0,0,0,0,0,0,0,0,0
872,0,0,0,0,0,0,0,0,0,0,0,0,0,0,0,0,0,0,0
873,0,0,0,0,0,0,0,0,0,0,0,0,0,0,0,0,0,0,0
874,0,0,0,0,0,0,0,0,0,0,0,0,0,0,0,0,0,0,0
875,0,0,0,0,0,0,0,0,0,0,0,0,0,0,0,0,0,0,0
876,0,0,0,0,0,0,0,0,0,0,0,0,0,0,0,0,0,0,0
877,0,0,0,0,0,0,0,0,0,0,0,0,0,0,0,0,0,0,0
878,0,0,0,0,0,0,0,0,0,0,0,0,0,0,0,0,0,0,0
879,0,0,0,0,0,0,0,0,0,0,0,0,0,0,0,0,0,0,0
880,0,0,0,0,0,0,0,0,0,0,0,0,0,0,0,0,0,0,0
881,0,0,0,0,0,0,0,0,0,0,0,0,0,0,0,0,0,0,0
882,0,0,0,0,0,0,0,0,0,0,0,0,0,0,0,0,0,0,0
883,0,0,0,0,0,0,0,0,0,0,0,0,0,0,0,0,0,0,0
884,0,0,0,0,0,0,0,0,0,0,0,0,0,0,0,0,0,0,0
885,0,0,0,0,0,0,0,0,0,0,0,0,0,0,0,0,0,0,0
886,0,0,0,0,0,0,0,0,0,0,0,0,0,0,0,0,0,0,0
887,0,0,0,0,0,0,0,0,0,0,0,0,0,0,0,0,0,0,0
888,0,0,0,0,0,0,0,0,0,0,0,0,0,0,0,0,0,0,0
889,0,0,0,0,0,0,0,0,0,0,0,0,0,0,0,0,0,0,0
890,0,0,0,0,0,0,0,0,0,0,0,0,0,0,0,0,0,0,0
891,0,0,0,0,0,0,0,0,0,0,0,0,0,0,0,0,0,0,0
892,0,0,0,0,0,0,0,0,0,0,0,0,0,0,0,0,0,0,0
893,0,0,0,0,0,0,0,0,0,0,0,0,0,0,0,0,0,0,0
894,0,0,0,0,0,0,0,0,0,0,0,0,0,0,0,0,0,0,0
895,0,0,0,0,0,0,0,0,0,0,0,0,0,0,0,0,0,0,0
896,0,0,0,0,0,0,0,0,0,0,0,0,0,0,0,0,0,0,0
897,0,0,0,0,0,0,0,0,0,0,0,0,0,0,0,0,0,0,0
898,0,0,0,0,0,0,0,0,0,0,0,0,0,0,0,0,0,0,0
899,0,0,0,0,0,0,0,0,0,0,0,0,0,0,0,0,0,0,0
900,0,0,0,0,0,0,0,0,0,0,0,0,0,0,0,0,0,0,0
